{
  "(0, 1)": 0.5574315827468346,
  "(1, 2)": 0.5287508947508676,
  "(2, 3)": 0.5488428831100465,
  "(3, 4)": 0.44612357020378113,
  "(4, 5)": 0.2,
  "(5, 6)": 0.4255711722373962,
  "(6, 7)": 0.5642455535275596,
  "(7, 8)": 0.5106730490922928,
  "(8, 9)": 0.5312263829367502,
  "(9, 10)": 0.3354773759841919,
  "(10, 11)": 0.46368810468249855,
  "(11, 12)": 0.4841316883380597,
  "(12, 13)": 0.733863925933838,
  "(13, 14)": 0.4565539300441742,
  "(14, 15)": 0.5222321899873871,
  "(15, 16)": 0.2,
  "(16, 17)": 0.5494697288974472,
  "(17, 18)": 0.4098830342292786,
  "(18, 19)": 0.5197081231507495,
  "(19, 20)": 0.4349295258522034,
  "(20, 21)": 0.49819839141658834,
  "(21, 22)": 0.4301398053765297,
  "(22, 23)": 0.36855267484982807,
  "(23, 24)": 0.16623621582984927,
  "(24, 25)": 0.5110742378234864,
  "(25, 26)": 0.5060823908873967,
  "(26, 27)": 0.5101832331344485,
  "(27, 28)": 0.6384265386141265,
  "(28, 29)": 0.5101838553515007,
  "(29, 30)": 0.4990852912267049,
  "(30, 31)": 0.5995337963104248,
  "(31, 32)": 0.580265498161316,
  "(32, 33)": 0.4993054747581482,
  "(33, 34)": 0.4656790633996328,
  "(34, 35)": 0.5252450847625733,
  "(35, 36)": 0.4719637513160706,
  "(36, 37)": 0.298641112446785,
  "(37, 38)": 0.4971473515033722,
  "(38, 39)": 0.39202535549799605,
  "(39, 40)": 0.5299444857239723,
  "(40, 41)": 0.5049911125139757,
  "(41, 42)": 0.44621386528015144,
  "(42, 43)": 0.507284586246197,
  "(43, 44)": 0.37509935051202775,
  "(44, 45)": 0.5701331520080567,
  "(45, 46)": 0.628139352798462,
  "(46, 47)": 0.5396978974342347,
  "(47, 48)": 0.6922915935516358,
  "(48, 49)": 0.45937480587225693,
  "(49, 50)": 0.4593986913561821,
  "(50, 51)": 0.5413682699203491,
  "(51, 52)": 0.5681469202041626,
  "(52, 53)": 0.48814204914229264,
  "(53, 54)": 0.2,
  "(54, 55)": 0.5307394114407626,
  "(55, 56)": 0.3734571695327759,
  "(56, 57)": 0.3759053125977516,
  "(57, 58)": 0.5475270074605942,
  "(58, 59)": 0.6522761549268451,
  "(59, 60)": 0.6616783380508423,
  "(60, 61)": 0.6386729478836061,
  "(61, 62)": 0.6553166294097901,
  "(62, 63)": 0.5156639337539672,
  "(63, 64)": 0.5409683987498284,
  "(64, 65)": 0.33500672307881446,
  "(65, 66)": 0.48548170924186707,
  "(66, 67)": 0.4252555650693399,
  "(67, 68)": 0.3293741255998612,
  "(68, 69)": 0.5385506445169449,
  "(69, 70)": 0.5048648496468863,
  "(70, 71)": 0.468218677987655,
  "(71, 72)": 0.4963424682617188,
  "(72, 73)": 0.5318262730325971,
  "(73, 74)": 0.5028587942773646,
  "(74, 75)": 0.4793011945982774
}