{
  "(0, 1)": 0.3655414208255965,
  "(1, 2)": 0.33954622617789676,
  "(2, 3)": 0.3597410678863526,
  "(3, 4)": 0.24389594239848003,
  "(4, 5)": 0.2,
  "(5, 6)": 0.3503592085838318,
  "(6, 7)": 0.3249969916684287,
  "(7, 8)": 0.3999383914470673,
  "(8, 9)": 0.2503507537501199,
  "(9, 10)": 0.5215432122349739,
  "(10, 11)": 0.16888519856664871,
  "(11, 12)": 0.2558319188081301,
  "(12, 13)": 0.30120598475138344,
  "(13, 14)": 0.24891732177313639,
  "(14, 15)": 0.4070615708827972,
  "(15, 16)": 0.2,
  "(16, 17)": 0.31951400861144064,
  "(17, 18)": 0.2266494482755661,
  "(18, 19)": 0.3338350976284463,
  "(19, 20)": 0.5307857483625412,
  "(20, 21)": 0.3591986789896682,
  "(21, 22)": 0.4044195557634036,
  "(22, 23)": 0.2421250984072685,
  "(23, 24)": 0.17334058061242102,
  "(24, 25)": 0.5320240020751954,
  "(25, 26)": 0.35987169912883216,
  "(26, 27)": 0.28482653003185987,
  "(27, 28)": 0.3294573329962217,
  "(28, 29)": 0.2692604767407958,
  "(29, 30)": 0.24215199152628583,
  "(30, 31)": 0.5079188764095306,
  "(31, 32)": 0.3155520096421242,
  "(32, 33)": 0.2287251867353916,
  "(33, 34)": 0.3905572444200516,
  "(34, 35)": 0.23116998076438905,
  "(35, 36)": 0.2760570138692856,
  "(36, 37)": 0.2838360091050466,
  "(37, 38)": 0.19502854347229004,
  "(38, 39)": 0.26238851944605507,
  "(39, 40)": 0.20845401018857954,
  "(40, 41)": 0.33355386419729754,
  "(41, 42)": 0.41755081216494244,
  "(42, 43)": 0.2653882893232199,
  "(43, 44)": 0.3743943579494953,
  "(44, 45)": 0.24689702332019806,
  "(45, 46)": 0.48928773403167725,
  "(46, 47)": 0.3598838374018669,
  "(47, 48)": 0.4350438714027405,
  "(48, 49)": 0.4664539967591946,
  "(49, 50)": 0.37829235941171646,
  "(50, 51)": 0.24558233001402446,
  "(51, 52)": 0.353675234913826,
  "(52, 53)": 0.2581348628657205,
  "(53, 54)": 0.2,
  "(54, 55)": 0.2894271669062701,
  "(55, 56)": 0.2659246876835823,
  "(56, 57)": 0.3269566982984543,
  "(57, 58)": 0.12107552766799927,
  "(58, 59)": 0.14170726793152946,
  "(59, 60)": 0.5270556569099427,
  "(60, 61)": 0.35205385088920593,
  "(61, 62)": 0.2124930012226105,
  "(62, 63)": 0.27275394201278685,
  "(63, 64)": 0.1665292486548424,
  "(64, 65)": 0.21620725041086022,
  "(65, 66)": 0.3701076954603195,
  "(66, 67)": 0.1646404963400629,
  "(67, 68)": 0.316995270550251,
  "(68, 69)": 0.32288466304540636,
  "(69, 70)": 0.458389571060737,
  "(70, 71)": 0.357235598564148,
  "(71, 72)": 0.280353307723999,
  "(72, 73)": 0.2708255424385979,
  "(73, 74)": 0.5306458386507902,
  "(74, 75)": 0.32027656063437465
}